地点,日付,平年気温
長島,2024/1/1,8.6
長島,2024/1/2,8.5
長島,2024/1/3,8.5
長島,2024/1/4,8.4
長島,2024/1/5,8.4
長島,2024/1/6,8.3
長島,2024/1/7,8.3
長島,2024/1/8,8.2
長島,2024/1/9,8.2
長島,2024/1/10,8.1
長島,2024/1/11,8.1
長島,2024/1/12,8
長島,2024/1/13,7.9
長島,2024/1/14,7.9
長島,2024/1/15,7.9
長島,2024/1/16,7.8
長島,2024/1/17,7.8
長島,2024/1/18,7.7
長島,2024/1/19,7.7
長島,2024/1/20,7.7
長島,2024/1/21,7.6
長島,2024/1/22,7.6
長島,2024/1/23,7.6
長島,2024/1/24,7.5
長島,2024/1/25,7.5
長島,2024/1/26,7.5
長島,2024/1/27,7.5
長島,2024/1/28,7.5
長島,2024/1/29,7.5
長島,2024/1/30,7.5
長島,2024/1/31,7.6
長島,2024/2/1,7.6
長島,2024/2/2,7.6
長島,2024/2/3,7.7
長島,2024/2/4,7.7
長島,2024/2/5,7.8
長島,2024/2/6,7.9
長島,2024/2/7,8
長島,2024/2/8,8.1
長島,2024/2/9,8.2
長島,2024/2/10,8.3
長島,2024/2/11,8.4
長島,2024/2/12,8.5
長島,2024/2/13,8.5
長島,2024/2/14,8.6
長島,2024/2/15,8.7
長島,2024/2/16,8.8
長島,2024/2/17,8.9
長島,2024/2/18,9
長島,2024/2/19,9.1
長島,2024/2/20,9.2
長島,2024/2/21,9.3
長島,2024/2/22,9.4
長島,2024/2/23,9.5
長島,2024/2/24,9.7
長島,2024/2/25,9.8
長島,2024/2/26,9.9
長島,2024/2/27,10
長島,2024/2/28,10.1
長島,2024/2/29,10.2
長島,2024/3/1,10.2
長島,2024/3/2,10.2
長島,2024/3/3,10.3
長島,2024/3/4,10.4
長島,2024/3/5,10.4
長島,2024/3/6,10.5
長島,2024/3/7,10.6
長島,2024/3/8,10.7
長島,2024/3/9,10.8
長島,2024/3/10,10.9
長島,2024/3/11,11
長島,2024/3/12,11.1
長島,2024/3/13,11.3
長島,2024/3/14,11.4
長島,2024/3/15,11.6
長島,2024/3/16,11.7
長島,2024/3/17,11.8
長島,2024/3/18,11.9
長島,2024/3/19,12
長島,2024/3/20,12.1
長島,2024/3/21,12.2
長島,2024/3/22,12.3
長島,2024/3/23,12.4
長島,2024/3/24,12.5
長島,2024/3/25,12.6
長島,2024/3/26,12.7
長島,2024/3/27,12.8
長島,2024/3/28,12.9
長島,2024/3/29,13.1
長島,2024/3/30,13.3
長島,2024/3/31,13.4
長島,2024/4/1,13.6
長島,2024/4/2,13.8
長島,2024/4/3,14
長島,2024/4/4,14.2
長島,2024/4/5,14.3
長島,2024/4/6,14.5
長島,2024/4/7,14.6
長島,2024/4/8,14.8
長島,2024/4/9,14.9
長島,2024/4/10,15
長島,2024/4/11,15.1
長島,2024/4/12,15.3
長島,2024/4/13,15.4
長島,2024/4/14,15.5
長島,2024/4/15,15.6
長島,2024/4/16,15.8
長島,2024/4/17,15.9
長島,2024/4/18,16
長島,2024/4/19,16.2
長島,2024/4/20,16.3
長島,2024/4/21,16.4
長島,2024/4/22,16.6
長島,2024/4/23,16.7
長島,2024/4/24,16.8
長島,2024/4/25,17
長島,2024/4/26,17.1
長島,2024/4/27,17.2
長島,2024/4/28,17.4
長島,2024/4/29,17.6
長島,2024/4/30,17.7
長島,2024/5/1,17.9
長島,2024/5/2,18
長島,2024/5/3,18.2
長島,2024/5/4,18.3
長島,2024/5/5,18.5
長島,2024/5/6,18.6
長島,2024/5/7,18.7
長島,2024/5/8,18.8
長島,2024/5/9,18.9
長島,2024/5/10,19
長島,2024/5/11,19.1
長島,2024/5/12,19.2
長島,2024/5/13,19.2
長島,2024/5/14,19.3
長島,2024/5/15,19.4
長島,2024/5/16,19.5
長島,2024/5/17,19.6
長島,2024/5/18,19.7
長島,2024/5/19,19.8
長島,2024/5/20,19.9
長島,2024/5/21,20
長島,2024/5/22,20.1
長島,2024/5/23,20.1
長島,2024/5/24,20.2
長島,2024/5/25,20.3
長島,2024/5/26,20.4
長島,2024/5/27,20.5
長島,2024/5/28,20.6
長島,2024/5/29,20.7
長島,2024/5/30,20.8
長島,2024/5/31,20.9
長島,2024/6/1,21
長島,2024/6/2,21.1
長島,2024/6/3,21.2
長島,2024/6/4,21.3
長島,2024/6/5,21.5
長島,2024/6/6,21.6
長島,2024/6/7,21.7
長島,2024/6/8,21.8
長島,2024/6/9,21.9
長島,2024/6/10,22
長島,2024/6/11,22.1
長島,2024/6/12,22.2
長島,2024/6/13,22.3
長島,2024/6/14,22.4
長島,2024/6/15,22.6
長島,2024/6/16,22.7
長島,2024/6/17,22.8
長島,2024/6/18,22.9
長島,2024/6/19,23
長島,2024/6/20,23.1
長島,2024/6/21,23.3
長島,2024/6/22,23.4
長島,2024/6/23,23.6
長島,2024/6/24,23.8
長島,2024/6/25,23.9
長島,2024/6/26,24.1
長島,2024/6/27,24.3
長島,2024/6/28,24.4
長島,2024/6/29,24.6
長島,2024/6/30,24.7
長島,2024/7/1,24.9
長島,2024/7/2,25
長島,2024/7/3,25.2
長島,2024/7/4,25.3
長島,2024/7/5,25.5
長島,2024/7/6,25.6
長島,2024/7/7,25.8
長島,2024/7/8,25.9
長島,2024/7/9,26
長島,2024/7/10,26.1
長島,2024/7/11,26.2
長島,2024/7/12,26.3
長島,2024/7/13,26.4
長島,2024/7/14,26.5
長島,2024/7/15,26.6
長島,2024/7/16,26.7
長島,2024/7/17,26.7
長島,2024/7/18,26.8
長島,2024/7/19,26.9
長島,2024/7/20,27
長島,2024/7/21,27
長島,2024/7/22,27.1
長島,2024/7/23,27.2
長島,2024/7/24,27.2
長島,2024/7/25,27.3
長島,2024/7/26,27.3
長島,2024/7/27,27.4
長島,2024/7/28,27.4
長島,2024/7/29,27.5
長島,2024/7/30,27.5
長島,2024/7/31,27.6
長島,2024/8/1,27.6
長島,2024/8/2,27.6
長島,2024/8/3,27.7
長島,2024/8/4,27.7
長島,2024/8/5,27.7
長島,2024/8/6,27.8
長島,2024/8/7,27.8
長島,2024/8/8,27.8
長島,2024/8/9,27.8
長島,2024/8/10,27.8
長島,2024/8/11,27.7
長島,2024/8/12,27.7
長島,2024/8/13,27.7
長島,2024/8/14,27.6
長島,2024/8/15,27.6
長島,2024/8/16,27.5
長島,2024/8/17,27.5
長島,2024/8/18,27.4
長島,2024/8/19,27.4
長島,2024/8/20,27.3
長島,2024/8/21,27.3
長島,2024/8/22,27.2
長島,2024/8/23,27.1
長島,2024/8/24,27.1
長島,2024/8/25,27
長島,2024/8/26,26.9
長島,2024/8/27,26.8
長島,2024/8/28,26.7
長島,2024/8/29,26.6
長島,2024/8/30,26.5
長島,2024/8/31,26.4
長島,2024/9/1,26.3
長島,2024/9/2,26.3
長島,2024/9/3,26.2
長島,2024/9/4,26.1
長島,2024/9/5,26
長島,2024/9/6,25.9
長島,2024/9/7,25.8
長島,2024/9/8,25.7
長島,2024/9/9,25.6
長島,2024/9/10,25.5
長島,2024/9/11,25.4
長島,2024/9/12,25.3
長島,2024/9/13,25.1
長島,2024/9/14,25
長島,2024/9/15,24.9
長島,2024/9/16,24.7
長島,2024/9/17,24.6
長島,2024/9/18,24.4
長島,2024/9/19,24.2
長島,2024/9/20,24.1
長島,2024/9/21,23.9
長島,2024/9/22,23.8
長島,2024/9/23,23.6
長島,2024/9/24,23.5
長島,2024/9/25,23.3
長島,2024/9/26,23.2
長島,2024/9/27,23.1
長島,2024/9/28,22.9
長島,2024/9/29,22.8
長島,2024/9/30,22.6
長島,2024/10/1,22.5
長島,2024/10/2,22.4
長島,2024/10/3,22.2
長島,2024/10/4,22.1
長島,2024/10/5,21.9
長島,2024/10/6,21.8
長島,2024/10/7,21.6
長島,2024/10/8,21.4
長島,2024/10/9,21.3
長島,2024/10/10,21.1
長島,2024/10/11,20.9
長島,2024/10/12,20.8
長島,2024/10/13,20.6
長島,2024/10/14,20.4
長島,2024/10/15,20.2
長島,2024/10/16,20
長島,2024/10/17,19.8
長島,2024/10/18,19.7
長島,2024/10/19,19.5
長島,2024/10/20,19.3
長島,2024/10/21,19.2
長島,2024/10/22,19
長島,2024/10/23,18.8
長島,2024/10/24,18.6
長島,2024/10/25,18.5
長島,2024/10/26,18.3
長島,2024/10/27,18.1
長島,2024/10/28,17.9
長島,2024/10/29,17.8
長島,2024/10/30,17.6
長島,2024/10/31,17.4
長島,2024/11/1,17.3
長島,2024/11/2,17.2
長島,2024/11/3,17.1
長島,2024/11/4,17
長島,2024/11/5,16.9
長島,2024/11/6,16.8
長島,2024/11/7,16.7
長島,2024/11/8,16.6
長島,2024/11/9,16.4
長島,2024/11/10,16.3
長島,2024/11/11,16.1
長島,2024/11/12,15.8
長島,2024/11/13,15.6
長島,2024/11/14,15.4
長島,2024/11/15,15.1
長島,2024/11/16,14.9
長島,2024/11/17,14.6
長島,2024/11/18,14.4
長島,2024/11/19,14.2
長島,2024/11/20,14
長島,2024/11/21,13.9
長島,2024/11/22,13.7
長島,2024/11/23,13.6
長島,2024/11/24,13.4
長島,2024/11/25,13.3
長島,2024/11/26,13.2
長島,2024/11/27,13
長島,2024/11/28,12.9
長島,2024/11/29,12.7
長島,2024/11/30,12.5
長島,2024/12/1,12.3
長島,2024/12/2,12.1
長島,2024/12/3,11.9
長島,2024/12/4,11.7
長島,2024/12/5,11.5
長島,2024/12/6,11.3
長島,2024/12/7,11.1
長島,2024/12/8,10.9
長島,2024/12/9,10.7
長島,2024/12/10,10.5
長島,2024/12/11,10.4
長島,2024/12/12,10.2
長島,2024/12/13,10.1
長島,2024/12/14,10
長島,2024/12/15,9.9
長島,2024/12/16,9.8
長島,2024/12/17,9.7
長島,2024/12/18,9.6
長島,2024/12/19,9.6
長島,2024/12/20,9.5
長島,2024/12/21,9.4
長島,2024/12/22,9.4
長島,2024/12/23,9.3
長島,2024/12/24,9.2
長島,2024/12/25,9.2
長島,2024/12/26,9.1
長島,2024/12/27,9
長島,2024/12/28,8.9
長島,2024/12/29,8.8
長島,2024/12/30,8.7
長島,2024/12/31,8.6
西之表,2024/1/1,12.4
西之表,2024/1/2,12.3
西之表,2024/1/3,12.3
西之表,2024/1/4,12.2
西之表,2024/1/5,12.2
西之表,2024/1/6,12.1
西之表,2024/1/7,12.1
西之表,2024/1/8,12
西之表,2024/1/9,12
西之表,2024/1/10,11.9
西之表,2024/1/11,11.9
西之表,2024/1/12,11.8
西之表,2024/1/13,11.8
西之表,2024/1/14,11.7
西之表,2024/1/15,11.7
西之表,2024/1/16,11.6
西之表,2024/1/17,11.6
西之表,2024/1/18,11.5
西之表,2024/1/19,11.5
西之表,2024/1/20,11.5
西之表,2024/1/21,11.4
西之表,2024/1/22,11.4
西之表,2024/1/23,11.3
西之表,2024/1/24,11.3
西之表,2024/1/25,11.3
西之表,2024/1/26,11.2
西之表,2024/1/27,11.2
西之表,2024/1/28,11.2
西之表,2024/1/29,11.2
西之表,2024/1/30,11.3
西之表,2024/1/31,11.3
西之表,2024/2/1,11.3
西之表,2024/2/2,11.4
西之表,2024/2/3,11.4
西之表,2024/2/4,11.5
西之表,2024/2/5,11.5
西之表,2024/2/6,11.6
西之表,2024/2/7,11.7
西之表,2024/2/8,11.8
西之表,2024/2/9,11.9
西之表,2024/2/10,11.9
西之表,2024/2/11,12
西之表,2024/2/12,12.1
西之表,2024/2/13,12.2
西之表,2024/2/14,12.2
西之表,2024/2/15,12.3
西之表,2024/2/16,12.3
西之表,2024/2/17,12.4
西之表,2024/2/18,12.5
西之表,2024/2/19,12.5
西之表,2024/2/20,12.6
西之表,2024/2/21,12.7
西之表,2024/2/22,12.8
西之表,2024/2/23,12.9
西之表,2024/2/24,13
西之表,2024/2/25,13.1
西之表,2024/2/26,13.2
西之表,2024/2/27,13.3
西之表,2024/2/28,13.3
西之表,2024/2/29,13.4
西之表,2024/3/1,13.4
西之表,2024/3/2,13.5
西之表,2024/3/3,13.5
西之表,2024/3/4,13.5
西之表,2024/3/5,13.6
西之表,2024/3/6,13.6
西之表,2024/3/7,13.7
西之表,2024/3/8,13.7
西之表,2024/3/9,13.8
西之表,2024/3/10,13.9
西之表,2024/3/11,14
西之表,2024/3/12,14.1
西之表,2024/3/13,14.2
西之表,2024/3/14,14.3
西之表,2024/3/15,14.5
西之表,2024/3/16,14.6
西之表,2024/3/17,14.7
西之表,2024/3/18,14.8
西之表,2024/3/19,14.9
西之表,2024/3/20,15
西之表,2024/3/21,15.1
西之表,2024/3/22,15.2
西之表,2024/3/23,15.2
西之表,2024/3/24,15.3
西之表,2024/3/25,15.4
西之表,2024/3/26,15.5
西之表,2024/3/27,15.6
西之表,2024/3/28,15.7
西之表,2024/3/29,15.8
西之表,2024/3/30,16
西之表,2024/3/31,16.1
西之表,2024/4/1,16.2
西之表,2024/4/2,16.4
西之表,2024/4/3,16.5
西之表,2024/4/4,16.6
西之表,2024/4/5,16.8
西之表,2024/4/6,16.9
西之表,2024/4/7,17
西之表,2024/4/8,17.1
西之表,2024/4/9,17.2
西之表,2024/4/10,17.3
西之表,2024/4/11,17.4
西之表,2024/4/12,17.4
西之表,2024/4/13,17.5
西之表,2024/4/14,17.6
西之表,2024/4/15,17.7
西之表,2024/4/16,17.8
西之表,2024/4/17,18
西之表,2024/4/18,18.1
西之表,2024/4/19,18.2
西之表,2024/4/20,18.3
西之表,2024/4/21,18.4
西之表,2024/4/22,18.5
西之表,2024/4/23,18.6
西之表,2024/4/24,18.7
西之表,2024/4/25,18.8
西之表,2024/4/26,19
西之表,2024/4/27,19.1
西之表,2024/4/28,19.2
西之表,2024/4/29,19.4
西之表,2024/4/30,19.5
西之表,2024/5/1,19.6
西之表,2024/5/2,19.8
西之表,2024/5/3,19.9
西之表,2024/5/4,20
西之表,2024/5/5,20.2
西之表,2024/5/6,20.3
西之表,2024/5/7,20.4
西之表,2024/5/8,20.5
西之表,2024/5/9,20.6
西之表,2024/5/10,20.7
西之表,2024/5/11,20.8
西之表,2024/5/12,20.9
西之表,2024/5/13,21
西之表,2024/5/14,21.1
西之表,2024/5/15,21.1
西之表,2024/5/16,21.2
西之表,2024/5/17,21.3
西之表,2024/5/18,21.3
西之表,2024/5/19,21.4
西之表,2024/5/20,21.5
西之表,2024/5/21,21.5
西之表,2024/5/22,21.6
西之表,2024/5/23,21.7
西之表,2024/5/24,21.8
西之表,2024/5/25,21.8
西之表,2024/5/26,21.9
西之表,2024/5/27,22
西之表,2024/5/28,22
西之表,2024/5/29,22.1
西之表,2024/5/30,22.2
西之表,2024/5/31,22.3
西之表,2024/6/1,22.3
西之表,2024/6/2,22.4
西之表,2024/6/3,22.5
西之表,2024/6/4,22.6
西之表,2024/6/5,22.7
西之表,2024/6/6,22.8
西之表,2024/6/7,22.9
西之表,2024/6/8,23
西之表,2024/6/9,23.1
西之表,2024/6/10,23.2
西之表,2024/6/11,23.3
西之表,2024/6/12,23.5
西之表,2024/6/13,23.6
西之表,2024/6/14,23.7
西之表,2024/6/15,23.8
西之表,2024/6/16,24
西之表,2024/6/17,24.1
西之表,2024/6/18,24.2
西之表,2024/6/19,24.4
西之表,2024/6/20,24.5
西之表,2024/6/21,24.7
西之表,2024/6/22,24.8
西之表,2024/6/23,25
西之表,2024/6/24,25.2
西之表,2024/6/25,25.3
西之表,2024/6/26,25.5
西之表,2024/6/27,25.6
西之表,2024/6/28,25.8
西之表,2024/6/29,25.9
西之表,2024/6/30,26.1
西之表,2024/7/1,26.2
西之表,2024/7/2,26.4
西之表,2024/7/3,26.5
西之表,2024/7/4,26.6
西之表,2024/7/5,26.7
西之表,2024/7/6,26.8
西之表,2024/7/7,27
西之表,2024/7/8,27.1
西之表,2024/7/9,27.1
西之表,2024/7/10,27.2
西之表,2024/7/11,27.3
西之表,2024/7/12,27.4
西之表,2024/7/13,27.5
西之表,2024/7/14,27.5
西之表,2024/7/15,27.6
西之表,2024/7/16,27.6
西之表,2024/7/17,27.7
西之表,2024/7/18,27.7
西之表,2024/7/19,27.8
西之表,2024/7/20,27.8
西之表,2024/7/21,27.9
西之表,2024/7/22,27.9
西之表,2024/7/23,28
西之表,2024/7/24,28
西之表,2024/7/25,28
西之表,2024/7/26,28
西之表,2024/7/27,28.1
西之表,2024/7/28,28.1
西之表,2024/7/29,28.1
西之表,2024/7/30,28.1
西之表,2024/7/31,28.1
西之表,2024/8/1,28.1
西之表,2024/8/2,28.2
西之表,2024/8/3,28.2
西之表,2024/8/4,28.2
西之表,2024/8/5,28.2
西之表,2024/8/6,28.2
西之表,2024/8/7,28.2
西之表,2024/8/8,28.2
西之表,2024/8/9,28.3
西之表,2024/8/10,28.3
西之表,2024/8/11,28.3
西之表,2024/8/12,28.3
西之表,2024/8/13,28.3
西之表,2024/8/14,28.2
西之表,2024/8/15,28.2
西之表,2024/8/16,28.2
西之表,2024/8/17,28.2
西之表,2024/8/18,28.2
西之表,2024/8/19,28.1
西之表,2024/8/20,28.1
西之表,2024/8/21,28.1
西之表,2024/8/22,28.1
西之表,2024/8/23,28
西之表,2024/8/24,28
西之表,2024/8/25,27.9
西之表,2024/8/26,27.9
西之表,2024/8/27,27.8
西之表,2024/8/28,27.8
西之表,2024/8/29,27.7
西之表,2024/8/30,27.7
西之表,2024/8/31,27.6
西之表,2024/9/1,27.5
西之表,2024/9/2,27.5
西之表,2024/9/3,27.4
西之表,2024/9/4,27.3
西之表,2024/9/5,27.3
西之表,2024/9/6,27.2
西之表,2024/9/7,27.1
西之表,2024/9/8,27
西之表,2024/9/9,27
西之表,2024/9/10,26.9
西之表,2024/9/11,26.8
西之表,2024/9/12,26.7
西之表,2024/9/13,26.6
西之表,2024/9/14,26.5
西之表,2024/9/15,26.4
西之表,2024/9/16,26.2
西之表,2024/9/17,26.1
西之表,2024/9/18,26
西之表,2024/9/19,25.8
西之表,2024/9/20,25.7
西之表,2024/9/21,25.6
西之表,2024/9/22,25.4
西之表,2024/9/23,25.3
西之表,2024/9/24,25.2
西之表,2024/9/25,25
西之表,2024/9/26,24.9
西之表,2024/9/27,24.8
西之表,2024/9/28,24.7
西之表,2024/9/29,24.6
西之表,2024/9/30,24.5
西之表,2024/10/1,24.4
西之表,2024/10/2,24.2
西之表,2024/10/3,24.1
西之表,2024/10/4,24
西之表,2024/10/5,23.9
西之表,2024/10/6,23.7
西之表,2024/10/7,23.6
西之表,2024/10/8,23.5
西之表,2024/10/9,23.4
西之表,2024/10/10,23.2
西之表,2024/10/11,23.1
西之表,2024/10/12,23
西之表,2024/10/13,22.8
西之表,2024/10/14,22.7
西之表,2024/10/15,22.5
西之表,2024/10/16,22.4
西之表,2024/10/17,22.2
西之表,2024/10/18,22.1
西之表,2024/10/19,21.9
西之表,2024/10/20,21.8
西之表,2024/10/21,21.6
西之表,2024/10/22,21.5
西之表,2024/10/23,21.3
西之表,2024/10/24,21.2
西之表,2024/10/25,21
西之表,2024/10/26,20.9
西之表,2024/10/27,20.7
西之表,2024/10/28,20.5
西之表,2024/10/29,20.4
西之表,2024/10/30,20.3
西之表,2024/10/31,20.1
西之表,2024/11/1,20
西之表,2024/11/2,19.9
西之表,2024/11/3,19.8
西之表,2024/11/4,19.7
西之表,2024/11/5,19.6
西之表,2024/11/6,19.5
西之表,2024/11/7,19.4
西之表,2024/11/8,19.3
西之表,2024/11/9,19.2
西之表,2024/11/10,19.1
西之表,2024/11/11,18.9
西之表,2024/11/12,18.7
西之表,2024/11/13,18.5
西之表,2024/11/14,18.4
西之表,2024/11/15,18.2
西之表,2024/11/16,18
西之表,2024/11/17,17.8
西之表,2024/11/18,17.6
西之表,2024/11/19,17.5
西之表,2024/11/20,17.3
西之表,2024/11/21,17.2
西之表,2024/11/22,17.1
西之表,2024/11/23,17
西之表,2024/11/24,16.9
西之表,2024/11/25,16.8
西之表,2024/11/26,16.7
西之表,2024/11/27,16.6
西之表,2024/11/28,16.4
西之表,2024/11/29,16.3
西之表,2024/11/30,16.1
西之表,2024/12/1,16
西之表,2024/12/2,15.8
西之表,2024/12/3,15.6
西之表,2024/12/4,15.4
西之表,2024/12/5,15.2
西之表,2024/12/6,15
西之表,2024/12/7,14.8
西之表,2024/12/8,14.6
西之表,2024/12/9,14.5
西之表,2024/12/10,14.3
西之表,2024/12/11,14.2
西之表,2024/12/12,14
西之表,2024/12/13,13.9
西之表,2024/12/14,13.8
西之表,2024/12/15,13.7
西之表,2024/12/16,13.6
西之表,2024/12/17,13.5
西之表,2024/12/18,13.5
西之表,2024/12/19,13.4
西之表,2024/12/20,13.3
西之表,2024/12/21,13.3
西之表,2024/12/22,13.2
西之表,2024/12/23,13.2
西之表,2024/12/24,13.1
西之表,2024/12/25,13
西之表,2024/12/26,12.9
西之表,2024/12/27,12.8
西之表,2024/12/28,12.7
西之表,2024/12/29,12.6
西之表,2024/12/30,12.6
西之表,2024/12/31,12.5
指宿,2024/1/1,9.2
指宿,2024/1/2,9.1
指宿,2024/1/3,9.1
指宿,2024/1/4,9.1
指宿,2024/1/5,9
指宿,2024/1/6,9
指宿,2024/1/7,9
指宿,2024/1/8,9
指宿,2024/1/9,9
指宿,2024/1/10,9
指宿,2024/1/11,8.9
指宿,2024/1/12,8.9
指宿,2024/1/13,8.9
指宿,2024/1/14,8.9
指宿,2024/1/15,8.8
指宿,2024/1/16,8.8
指宿,2024/1/17,8.8
指宿,2024/1/18,8.7
指宿,2024/1/19,8.7
指宿,2024/1/20,8.6
指宿,2024/1/21,8.6
指宿,2024/1/22,8.5
指宿,2024/1/23,8.5
指宿,2024/1/24,8.5
指宿,2024/1/25,8.4
指宿,2024/1/26,8.4
指宿,2024/1/27,8.4
指宿,2024/1/28,8.4
指宿,2024/1/29,8.4
指宿,2024/1/30,8.5
指宿,2024/1/31,8.5
指宿,2024/2/1,8.5
指宿,2024/2/2,8.6
指宿,2024/2/3,8.6
指宿,2024/2/4,8.7
指宿,2024/2/5,8.8
指宿,2024/2/6,8.8
指宿,2024/2/7,8.9
指宿,2024/2/8,9
指宿,2024/2/9,9.1
指宿,2024/2/10,9.2
指宿,2024/2/11,9.3
指宿,2024/2/12,9.4
指宿,2024/2/13,9.5
指宿,2024/2/14,9.6
指宿,2024/2/15,9.7
指宿,2024/2/16,9.8
指宿,2024/2/17,9.9
指宿,2024/2/18,10.1
指宿,2024/2/19,10.2
指宿,2024/2/20,10.3
指宿,2024/2/21,10.4
指宿,2024/2/22,10.5
指宿,2024/2/23,10.7
指宿,2024/2/24,10.8
指宿,2024/2/25,10.9
指宿,2024/2/26,11
指宿,2024/2/27,11.1
指宿,2024/2/28,11.2
指宿,2024/2/29,11.2
指宿,2024/3/1,11.2
指宿,2024/3/2,11.3
指宿,2024/3/3,11.3
指宿,2024/3/4,11.4
指宿,2024/3/5,11.4
指宿,2024/3/6,11.4
指宿,2024/3/7,11.5
指宿,2024/3/8,11.6
指宿,2024/3/9,11.7
指宿,2024/3/10,11.8
指宿,2024/3/11,11.9
指宿,2024/3/12,12.1
指宿,2024/3/13,12.2
指宿,2024/3/14,12.4
指宿,2024/3/15,12.5
指宿,2024/3/16,12.7
指宿,2024/3/17,12.8
指宿,2024/3/18,13
指宿,2024/3/19,13.1
指宿,2024/3/20,13.2
指宿,2024/3/21,13.3
指宿,2024/3/22,13.3
指宿,2024/3/23,13.4
指宿,2024/3/24,13.5
指宿,2024/3/25,13.6
指宿,2024/3/26,13.7
指宿,2024/3/27,13.8
指宿,2024/3/28,13.9
指宿,2024/3/29,14.1
指宿,2024/3/30,14.2
指宿,2024/3/31,14.4
指宿,2024/4/1,14.6
指宿,2024/4/2,14.8
指宿,2024/4/3,14.9
指宿,2024/4/4,15.1
指宿,2024/4/5,15.3
指宿,2024/4/6,15.4
指宿,2024/4/7,15.5
指宿,2024/4/8,15.7
指宿,2024/4/9,15.8
指宿,2024/4/10,15.9
指宿,2024/4/11,16
指宿,2024/4/12,16.1
指宿,2024/4/13,16.2
指宿,2024/4/14,16.3
指宿,2024/4/15,16.4
指宿,2024/4/16,16.6
指宿,2024/4/17,16.7
指宿,2024/4/18,16.8
指宿,2024/4/19,17
指宿,2024/4/20,17.1
指宿,2024/4/21,17.2
指宿,2024/4/22,17.4
指宿,2024/4/23,17.5
指宿,2024/4/24,17.6
指宿,2024/4/25,17.7
指宿,2024/4/26,17.9
指宿,2024/4/27,18
指宿,2024/4/28,18.2
指宿,2024/4/29,18.3
指宿,2024/4/30,18.5
指宿,2024/5/1,18.6
指宿,2024/5/2,18.8
指宿,2024/5/3,19
指宿,2024/5/4,19.1
指宿,2024/5/5,19.3
指宿,2024/5/6,19.4
指宿,2024/5/7,19.5
指宿,2024/5/8,19.7
指宿,2024/5/9,19.8
指宿,2024/5/10,19.9
指宿,2024/5/11,20
指宿,2024/5/12,20.1
指宿,2024/5/13,20.2
指宿,2024/5/14,20.2
指宿,2024/5/15,20.3
指宿,2024/5/16,20.4
指宿,2024/5/17,20.5
指宿,2024/5/18,20.5
指宿,2024/5/19,20.6
指宿,2024/5/20,20.7
指宿,2024/5/21,20.8
指宿,2024/5/22,20.9
指宿,2024/5/23,21
指宿,2024/5/24,21
指宿,2024/5/25,21.1
指宿,2024/5/26,21.2
指宿,2024/5/27,21.3
指宿,2024/5/28,21.4
指宿,2024/5/29,21.5
指宿,2024/5/30,21.6
指宿,2024/5/31,21.7
指宿,2024/6/1,21.8
指宿,2024/6/2,21.9
指宿,2024/6/3,22
指宿,2024/6/4,22.1
指宿,2024/6/5,22.2
指宿,2024/6/6,22.3
指宿,2024/6/7,22.5
指宿,2024/6/8,22.6
指宿,2024/6/9,22.7
指宿,2024/6/10,22.8
指宿,2024/6/11,22.9
指宿,2024/6/12,23.1
指宿,2024/6/13,23.2
指宿,2024/6/14,23.3
指宿,2024/6/15,23.4
指宿,2024/6/16,23.6
指宿,2024/6/17,23.7
指宿,2024/6/18,23.8
指宿,2024/6/19,24
指宿,2024/6/20,24.1
指宿,2024/6/21,24.3
指宿,2024/6/22,24.5
指宿,2024/6/23,24.7
指宿,2024/6/24,24.8
指宿,2024/6/25,25
指宿,2024/6/26,25.2
指宿,2024/6/27,25.4
指宿,2024/6/28,25.6
指宿,2024/6/29,25.7
指宿,2024/6/30,25.9
指宿,2024/7/1,26
指宿,2024/7/2,26.2
指宿,2024/7/3,26.3
指宿,2024/7/4,26.4
指宿,2024/7/5,26.6
指宿,2024/7/6,26.7
指宿,2024/7/7,26.8
指宿,2024/7/8,26.9
指宿,2024/7/9,27.1
指宿,2024/7/10,27.2
指宿,2024/7/11,27.3
指宿,2024/7/12,27.3
指宿,2024/7/13,27.4
指宿,2024/7/14,27.5
指宿,2024/7/15,27.6
指宿,2024/7/16,27.6
指宿,2024/7/17,27.7
指宿,2024/7/18,27.7
指宿,2024/7/19,27.8
指宿,2024/7/20,27.8
指宿,2024/7/21,27.9
指宿,2024/7/22,28
指宿,2024/7/23,28
指宿,2024/7/24,28
指宿,2024/7/25,28.1
指宿,2024/7/26,28.1
指宿,2024/7/27,28.2
指宿,2024/7/28,28.2
指宿,2024/7/29,28.2
指宿,2024/7/30,28.3
指宿,2024/7/31,28.3
指宿,2024/8/1,28.3
指宿,2024/8/2,28.3
指宿,2024/8/3,28.3
指宿,2024/8/4,28.3
指宿,2024/8/5,28.3
指宿,2024/8/6,28.3
指宿,2024/8/7,28.3
指宿,2024/8/8,28.3
指宿,2024/8/9,28.3
指宿,2024/8/10,28.3
指宿,2024/8/11,28.3
指宿,2024/8/12,28.3
指宿,2024/8/13,28.3
指宿,2024/8/14,28.3
指宿,2024/8/15,28.2
指宿,2024/8/16,28.2
指宿,2024/8/17,28.2
指宿,2024/8/18,28.1
指宿,2024/8/19,28.1
指宿,2024/8/20,28
指宿,2024/8/21,28
指宿,2024/8/22,27.9
指宿,2024/8/23,27.8
指宿,2024/8/24,27.8
指宿,2024/8/25,27.7
指宿,2024/8/26,27.6
指宿,2024/8/27,27.6
指宿,2024/8/28,27.5
指宿,2024/8/29,27.4
指宿,2024/8/30,27.3
指宿,2024/8/31,27.2
指宿,2024/9/1,27.1
指宿,2024/9/2,27.1
指宿,2024/9/3,27
指宿,2024/9/4,26.9
指宿,2024/9/5,26.8
指宿,2024/9/6,26.7
指宿,2024/9/7,26.6
指宿,2024/9/8,26.5
指宿,2024/9/9,26.4
指宿,2024/9/10,26.3
指宿,2024/9/11,26.2
指宿,2024/9/12,26.1
指宿,2024/9/13,26
指宿,2024/9/14,25.8
指宿,2024/9/15,25.7
指宿,2024/9/16,25.5
指宿,2024/9/17,25.3
指宿,2024/9/18,25.2
指宿,2024/9/19,25
指宿,2024/9/20,24.8
指宿,2024/9/21,24.7
指宿,2024/9/22,24.5
指宿,2024/9/23,24.4
指宿,2024/9/24,24.3
指宿,2024/9/25,24.1
指宿,2024/9/26,24
指宿,2024/9/27,23.9
指宿,2024/9/28,23.7
指宿,2024/9/29,23.6
指宿,2024/9/30,23.5
指宿,2024/10/1,23.3
指宿,2024/10/2,23.2
指宿,2024/10/3,23
指宿,2024/10/4,22.9
指宿,2024/10/5,22.7
指宿,2024/10/6,22.6
指宿,2024/10/7,22.4
指宿,2024/10/8,22.2
指宿,2024/10/9,22.1
指宿,2024/10/10,21.9
指宿,2024/10/11,21.7
指宿,2024/10/12,21.5
指宿,2024/10/13,21.4
指宿,2024/10/14,21.2
指宿,2024/10/15,21
指宿,2024/10/16,20.8
指宿,2024/10/17,20.6
指宿,2024/10/18,20.4
指宿,2024/10/19,20.3
指宿,2024/10/20,20.1
指宿,2024/10/21,19.9
指宿,2024/10/22,19.7
指宿,2024/10/23,19.5
指宿,2024/10/24,19.4
指宿,2024/10/25,19.2
指宿,2024/10/26,19
指宿,2024/10/27,18.8
指宿,2024/10/28,18.6
指宿,2024/10/29,18.4
指宿,2024/10/30,18.2
指宿,2024/10/31,18.1
指宿,2024/11/1,17.9
指宿,2024/11/2,17.8
指宿,2024/11/3,17.7
指宿,2024/11/4,17.6
指宿,2024/11/5,17.5
指宿,2024/11/6,17.4
指宿,2024/11/7,17.3
指宿,2024/11/8,17.1
指宿,2024/11/9,17
指宿,2024/11/10,16.8
指宿,2024/11/11,16.6
指宿,2024/11/12,16.4
指宿,2024/11/13,16.2
指宿,2024/11/14,16
指宿,2024/11/15,15.8
指宿,2024/11/16,15.6
指宿,2024/11/17,15.3
指宿,2024/11/18,15.1
指宿,2024/11/19,14.9
指宿,2024/11/20,14.8
指宿,2024/11/21,14.6
指宿,2024/11/22,14.5
指宿,2024/11/23,14.3
指宿,2024/11/24,14.2
指宿,2024/11/25,14.1
指宿,2024/11/26,14
指宿,2024/11/27,13.8
指宿,2024/11/28,13.7
指宿,2024/11/29,13.5
指宿,2024/11/30,13.4
指宿,2024/12/1,13.2
指宿,2024/12/2,13
指宿,2024/12/3,12.7
指宿,2024/12/4,12.5
指宿,2024/12/5,12.3
指宿,2024/12/6,12.1
指宿,2024/12/7,11.9
指宿,2024/12/8,11.7
指宿,2024/12/9,11.5
指宿,2024/12/10,11.3
指宿,2024/12/11,11.1
指宿,2024/12/12,11
指宿,2024/12/13,10.9
指宿,2024/12/14,10.7
指宿,2024/12/15,10.6
指宿,2024/12/16,10.5
指宿,2024/12/17,10.4
指宿,2024/12/18,10.4
指宿,2024/12/19,10.3
指宿,2024/12/20,10.2
指宿,2024/12/21,10.2
指宿,2024/12/22,10.1
指宿,2024/12/23,10
指宿,2024/12/24,10
指宿,2024/12/25,9.9
指宿,2024/12/26,9.8
指宿,2024/12/27,9.7
指宿,2024/12/28,9.5
指宿,2024/12/29,9.4
指宿,2024/12/30,9.4
指宿,2024/12/31,9.3
中種子,2024/1/1,9.9
中種子,2024/1/2,9.9
中種子,2024/1/3,9.8
中種子,2024/1/4,9.8
中種子,2024/1/5,9.8
中種子,2024/1/6,9.7
中種子,2024/1/7,9.7
中種子,2024/1/8,9.6
中種子,2024/1/9,9.6
中種子,2024/1/10,9.5
中種子,2024/1/11,9.5
中種子,2024/1/12,9.4
中種子,2024/1/13,9.4
中種子,2024/1/14,9.4
中種子,2024/1/15,9.4
中種子,2024/1/16,9.4
中種子,2024/1/17,9.4
中種子,2024/1/18,9.4
中種子,2024/1/19,9.4
中種子,2024/1/20,9.4
中種子,2024/1/21,9.4
中種子,2024/1/22,9.4
中種子,2024/1/23,9.4
中種子,2024/1/24,9.4
中種子,2024/1/25,9.4
中種子,2024/1/26,9.4
中種子,2024/1/27,9.4
中種子,2024/1/28,9.4
中種子,2024/1/29,9.4
中種子,2024/1/30,9.5
中種子,2024/1/31,9.5
中種子,2024/2/1,9.6
中種子,2024/2/2,9.6
中種子,2024/2/3,9.6
中種子,2024/2/4,9.7
中種子,2024/2/5,9.7
中種子,2024/2/6,9.8
中種子,2024/2/7,9.8
中種子,2024/2/8,9.9
中種子,2024/2/9,9.9
中種子,2024/2/10,10
中種子,2024/2/11,10
中種子,2024/2/12,10.1
中種子,2024/2/13,10.2
中種子,2024/2/14,10.2
中種子,2024/2/15,10.3
中種子,2024/2/16,10.4
中種子,2024/2/17,10.5
中種子,2024/2/18,10.6
中種子,2024/2/19,10.8
中種子,2024/2/20,10.9
中種子,2024/2/21,11.1
中種子,2024/2/22,11.3
中種子,2024/2/23,11.4
中種子,2024/2/24,11.6
中種子,2024/2/25,11.7
中種子,2024/2/26,11.9
中種子,2024/2/27,12
中種子,2024/2/28,12
中種子,2024/2/29,12.1
中種子,2024/3/1,12.1
中種子,2024/3/2,12.1
中種子,2024/3/3,12.1
中種子,2024/3/4,12.1
中種子,2024/3/5,12
中種子,2024/3/6,12
中種子,2024/3/7,12
中種子,2024/3/8,12
中種子,2024/3/9,12
中種子,2024/3/10,12.1
中種子,2024/3/11,12.1
中種子,2024/3/12,12.3
中種子,2024/3/13,12.4
中種子,2024/3/14,12.5
中種子,2024/3/15,12.7
中種子,2024/3/16,12.9
中種子,2024/3/17,13
中種子,2024/3/18,13.1
中種子,2024/3/19,13.2
中種子,2024/3/20,13.3
中種子,2024/3/21,13.4
中種子,2024/3/22,13.4
中種子,2024/3/23,13.4
中種子,2024/3/24,13.5
中種子,2024/3/25,13.5
中種子,2024/3/26,13.6
中種子,2024/3/27,13.7
中種子,2024/3/28,13.8
中種子,2024/3/29,13.9
中種子,2024/3/30,14
中種子,2024/3/31,14.2
中種子,2024/4/1,14.4
中種子,2024/4/2,14.5
中種子,2024/4/3,14.7
中種子,2024/4/4,14.8
中種子,2024/4/5,15
中種子,2024/4/6,15.1
中種子,2024/4/7,15.2
中種子,2024/4/8,15.3
中種子,2024/4/9,15.5
中種子,2024/4/10,15.5
中種子,2024/4/11,15.6
中種子,2024/4/12,15.7
中種子,2024/4/13,15.8
中種子,2024/4/14,15.9
中種子,2024/4/15,16
中種子,2024/4/16,16.1
中種子,2024/4/17,16.1
中種子,2024/4/18,16.2
中種子,2024/4/19,16.3
中種子,2024/4/20,16.3
中種子,2024/4/21,16.4
中種子,2024/4/22,16.5
中種子,2024/4/23,16.6
中種子,2024/4/24,16.6
中種子,2024/4/25,16.7
中種子,2024/4/26,16.8
中種子,2024/4/27,16.9
中種子,2024/4/28,17.1
中種子,2024/4/29,17.2
中種子,2024/4/30,17.4
中種子,2024/5/1,17.6
中種子,2024/5/2,17.7
中種子,2024/5/3,17.9
中種子,2024/5/4,18.1
中種子,2024/5/5,18.3
中種子,2024/5/6,18.5
中種子,2024/5/7,18.6
中種子,2024/5/8,18.8
中種子,2024/5/9,18.9
中種子,2024/5/10,19
中種子,2024/5/11,19.1
中種子,2024/5/12,19.2
中種子,2024/5/13,19.3
中種子,2024/5/14,19.3
中種子,2024/5/15,19.4
中種子,2024/5/16,19.4
中種子,2024/5/17,19.5
中種子,2024/5/18,19.6
中種子,2024/5/19,19.6
中種子,2024/5/20,19.7
中種子,2024/5/21,19.8
中種子,2024/5/22,19.8
中種子,2024/5/23,19.9
中種子,2024/5/24,20
中種子,2024/5/25,20
中種子,2024/5/26,20.1
中種子,2024/5/27,20.2
中種子,2024/5/28,20.2
中種子,2024/5/29,20.3
中種子,2024/5/30,20.3
中種子,2024/5/31,20.4
中種子,2024/6/1,20.5
中種子,2024/6/2,20.6
中種子,2024/6/3,20.7
中種子,2024/6/4,20.8
中種子,2024/6/5,20.9
中種子,2024/6/6,21
中種子,2024/6/7,21.2
中種子,2024/6/8,21.3
中種子,2024/6/9,21.5
中種子,2024/6/10,21.6
中種子,2024/6/11,21.7
中種子,2024/6/12,21.9
中種子,2024/6/13,22
中種子,2024/6/14,22.2
中種子,2024/6/15,22.3
中種子,2024/6/16,22.5
中種子,2024/6/17,22.6
中種子,2024/6/18,22.8
中種子,2024/6/19,22.9
中種子,2024/6/20,23.1
中種子,2024/6/21,23.2
中種子,2024/6/22,23.4
中種子,2024/6/23,23.5
中種子,2024/6/24,23.6
中種子,2024/6/25,23.8
中種子,2024/6/26,23.9
中種子,2024/6/27,24
中種子,2024/6/28,24.2
中種子,2024/6/29,24.3
中種子,2024/6/30,24.4
中種子,2024/7/1,24.6
中種子,2024/7/2,24.7
中種子,2024/7/3,24.8
中種子,2024/7/4,24.9
中種子,2024/7/5,25
中種子,2024/7/6,25.1
中種子,2024/7/7,25.2
中種子,2024/7/8,25.3
中種子,2024/7/9,25.4
中種子,2024/7/10,25.5
中種子,2024/7/11,25.6
中種子,2024/7/12,25.6
中種子,2024/7/13,25.7
中種子,2024/7/14,25.8
中種子,2024/7/15,25.8
中種子,2024/7/16,25.9
中種子,2024/7/17,25.9
中種子,2024/7/18,26
中種子,2024/7/19,26
中種子,2024/7/20,26.1
中種子,2024/7/21,26.1
中種子,2024/7/22,26.2
中種子,2024/7/23,26.2
中種子,2024/7/24,26.3
中種子,2024/7/25,26.3
中種子,2024/7/26,26.4
中種子,2024/7/27,26.4
中種子,2024/7/28,26.4
中種子,2024/7/29,26.4
中種子,2024/7/30,26.4
中種子,2024/7/31,26.4
中種子,2024/8/1,26.5
中種子,2024/8/2,26.5
中種子,2024/8/3,26.5
中種子,2024/8/4,26.5
中種子,2024/8/5,26.5
中種子,2024/8/6,26.5
中種子,2024/8/7,26.5
中種子,2024/8/8,26.6
中種子,2024/8/9,26.6
中種子,2024/8/10,26.6
中種子,2024/8/11,26.7
中種子,2024/8/12,26.7
中種子,2024/8/13,26.7
中種子,2024/8/14,26.7
中種子,2024/8/15,26.7
中種子,2024/8/16,26.7
中種子,2024/8/17,26.7
中種子,2024/8/18,26.6
中種子,2024/8/19,26.6
中種子,2024/8/20,26.6
中種子,2024/8/21,26.5
中種子,2024/8/22,26.4
中種子,2024/8/23,26.4
中種子,2024/8/24,26.3
中種子,2024/8/25,26.2
中種子,2024/8/26,26.1
中種子,2024/8/27,26.1
中種子,2024/8/28,26
中種子,2024/8/29,25.9
中種子,2024/8/30,25.8
中種子,2024/8/31,25.7
中種子,2024/9/1,25.7
中種子,2024/9/2,25.6
中種子,2024/9/3,25.5
中種子,2024/9/4,25.4
中種子,2024/9/5,25.4
中種子,2024/9/6,25.3
中種子,2024/9/7,25.2
中種子,2024/9/8,25.1
中種子,2024/9/9,25
中種子,2024/9/10,25
中種子,2024/9/11,24.9
中種子,2024/9/12,24.8
中種子,2024/9/13,24.7
中種子,2024/9/14,24.6
中種子,2024/9/15,24.5
中種子,2024/9/16,24.4
中種子,2024/9/17,24.2
中種子,2024/9/18,24.1
中種子,2024/9/19,24
中種子,2024/9/20,23.9
中種子,2024/9/21,23.8
中種子,2024/9/22,23.7
中種子,2024/9/23,23.5
中種子,2024/9/24,23.4
中種子,2024/9/25,23.4
中種子,2024/9/26,23.3
中種子,2024/9/27,23.2
中種子,2024/9/28,23.1
中種子,2024/9/29,23
中種子,2024/9/30,22.9
中種子,2024/10/1,22.8
中種子,2024/10/2,22.7
中種子,2024/10/3,22.6
中種子,2024/10/4,22.4
中種子,2024/10/5,22.3
中種子,2024/10/6,22.2
中種子,2024/10/7,22
中種子,2024/10/8,21.8
中種子,2024/10/9,21.7
中種子,2024/10/10,21.5
中種子,2024/10/11,21.4
中種子,2024/10/12,21.2
中種子,2024/10/13,21
中種子,2024/10/14,20.9
中種子,2024/10/15,20.8
中種子,2024/10/16,20.6
中種子,2024/10/17,20.5
中種子,2024/10/18,20.4
中種子,2024/10/19,20.3
中種子,2024/10/20,20.1
中種子,2024/10/21,20
中種子,2024/10/22,19.9
中種子,2024/10/23,19.7
中種子,2024/10/24,19.6
中種子,2024/10/25,19.4
中種子,2024/10/26,19.2
中種子,2024/10/27,19
中種子,2024/10/28,18.9
中種子,2024/10/29,18.7
中種子,2024/10/30,18.5
中種子,2024/10/31,18.4
中種子,2024/11/1,18.2
中種子,2024/11/2,18.1
中種子,2024/11/3,18
中種子,2024/11/4,17.9
中種子,2024/11/5,17.8
中種子,2024/11/6,17.7
中種子,2024/11/7,17.6
中種子,2024/11/8,17.5
中種子,2024/11/9,17.4
中種子,2024/11/10,17.2
中種子,2024/11/11,17
中種子,2024/11/12,16.8
中種子,2024/11/13,16.6
中種子,2024/11/14,16.4
中種子,2024/11/15,16.2
中種子,2024/11/16,16.1
中種子,2024/11/17,15.9
中種子,2024/11/18,15.7
中種子,2024/11/19,15.6
中種子,2024/11/20,15.4
中種子,2024/11/21,15.3
中種子,2024/11/22,15.2
中種子,2024/11/23,15.1
中種子,2024/11/24,15
中種子,2024/11/25,14.9
中種子,2024/11/26,14.7
中種子,2024/11/27,14.6
中種子,2024/11/28,14.4
中種子,2024/11/29,14.2
中種子,2024/11/30,14.1
中種子,2024/12/1,13.8
中種子,2024/12/2,13.6
中種子,2024/12/3,13.4
中種子,2024/12/4,13.2
中種子,2024/12/5,13
中種子,2024/12/6,12.9
中種子,2024/12/7,12.7
中種子,2024/12/8,12.5
中種子,2024/12/9,12.4
中種子,2024/12/10,12.3
中種子,2024/12/11,12.1
中種子,2024/12/12,12
中種子,2024/12/13,11.9
中種子,2024/12/14,11.7
中種子,2024/12/15,11.6
中種子,2024/12/16,11.5
中種子,2024/12/17,11.4
中種子,2024/12/18,11.3
中種子,2024/12/19,11.3
中種子,2024/12/20,11.2
中種子,2024/12/21,11.1
中種子,2024/12/22,11.1
中種子,2024/12/23,11
中種子,2024/12/24,10.9
中種子,2024/12/25,10.8
中種子,2024/12/26,10.7
中種子,2024/12/27,10.5
中種子,2024/12/28,10.4
中種子,2024/12/29,10.2
中種子,2024/12/30,10.1
中種子,2024/12/31,10
南種子,2024/1/1,11.4
南種子,2024/1/2,11.3
南種子,2024/1/3,11.3
南種子,2024/1/4,11.2
南種子,2024/1/5,11.2
南種子,2024/1/6,11.1
南種子,2024/1/7,11.1
南種子,2024/1/8,11
南種子,2024/1/9,11
南種子,2024/1/10,10.9
南種子,2024/1/11,10.9
南種子,2024/1/12,10.8
南種子,2024/1/13,10.8
南種子,2024/1/14,10.8
南種子,2024/1/15,10.7
南種子,2024/1/16,10.7
南種子,2024/1/17,10.6
南種子,2024/1/18,10.6
南種子,2024/1/19,10.6
南種子,2024/1/20,10.5
南種子,2024/1/21,10.5
南種子,2024/1/22,10.4
南種子,2024/1/23,10.4
南種子,2024/1/24,10.3
南種子,2024/1/25,10.3
南種子,2024/1/26,10.3
南種子,2024/1/27,10.3
南種子,2024/1/28,10.3
南種子,2024/1/29,10.3
南種子,2024/1/30,10.3
南種子,2024/1/31,10.3
南種子,2024/2/1,10.3
南種子,2024/2/2,10.3
南種子,2024/2/3,10.4
南種子,2024/2/4,10.5
南種子,2024/2/5,10.5
南種子,2024/2/6,10.6
南種子,2024/2/7,10.7
南種子,2024/2/8,10.8
南種子,2024/2/9,10.9
南種子,2024/2/10,10.9
南種子,2024/2/11,11
南種子,2024/2/12,11.1
南種子,2024/2/13,11.2
南種子,2024/2/14,11.3
南種子,2024/2/15,11.4
南種子,2024/2/16,11.4
南種子,2024/2/17,11.5
南種子,2024/2/18,11.6
南種子,2024/2/19,11.6
南種子,2024/2/20,11.7
南種子,2024/2/21,11.8
南種子,2024/2/22,11.9
南種子,2024/2/23,12
南種子,2024/2/24,12.1
南種子,2024/2/25,12.2
南種子,2024/2/26,12.3
南種子,2024/2/27,12.4
南種子,2024/2/28,12.4
南種子,2024/2/29,12.5
南種子,2024/3/1,12.5
南種子,2024/3/2,12.6
南種子,2024/3/3,12.6
南種子,2024/3/4,12.6
南種子,2024/3/5,12.7
南種子,2024/3/6,12.7
南種子,2024/3/7,12.7
南種子,2024/3/8,12.8
南種子,2024/3/9,12.9
南種子,2024/3/10,13
南種子,2024/3/11,13.1
南種子,2024/3/12,13.2
南種子,2024/3/13,13.3
南種子,2024/3/14,13.4
南種子,2024/3/15,13.6
南種子,2024/3/16,13.7
南種子,2024/3/17,13.8
南種子,2024/3/18,13.9
南種子,2024/3/19,14
南種子,2024/3/20,14.1
南種子,2024/3/21,14.2
南種子,2024/3/22,14.3
南種子,2024/3/23,14.4
南種子,2024/3/24,14.4
南種子,2024/3/25,14.5
南種子,2024/3/26,14.6
南種子,2024/3/27,14.7
南種子,2024/3/28,14.8
南種子,2024/3/29,14.9
南種子,2024/3/30,15.1
南種子,2024/3/31,15.2
南種子,2024/4/1,15.3
南種子,2024/4/2,15.5
南種子,2024/4/3,15.6
南種子,2024/4/4,15.7
南種子,2024/4/5,15.9
南種子,2024/4/6,16
南種子,2024/4/7,16.1
南種子,2024/4/8,16.2
南種子,2024/4/9,16.3
南種子,2024/4/10,16.4
南種子,2024/4/11,16.5
南種子,2024/4/12,16.6
南種子,2024/4/13,16.7
南種子,2024/4/14,16.8
南種子,2024/4/15,16.9
南種子,2024/4/16,17
南種子,2024/4/17,17.2
南種子,2024/4/18,17.3
南種子,2024/4/19,17.4
南種子,2024/4/20,17.5
南種子,2024/4/21,17.6
南種子,2024/4/22,17.7
南種子,2024/4/23,17.9
南種子,2024/4/24,18
南種子,2024/4/25,18.1
南種子,2024/4/26,18.2
南種子,2024/4/27,18.3
南種子,2024/4/28,18.4
南種子,2024/4/29,18.6
南種子,2024/4/30,18.7
南種子,2024/5/1,18.8
南種子,2024/5/2,19
南種子,2024/5/3,19.1
南種子,2024/5/4,19.2
南種子,2024/5/5,19.4
南種子,2024/5/6,19.5
南種子,2024/5/7,19.6
南種子,2024/5/8,19.7
南種子,2024/5/9,19.8
南種子,2024/5/10,19.9
南種子,2024/5/11,20
南種子,2024/5/12,20
南種子,2024/5/13,20.1
南種子,2024/5/14,20.2
南種子,2024/5/15,20.2
南種子,2024/5/16,20.3
南種子,2024/5/17,20.3
南種子,2024/5/18,20.4
南種子,2024/5/19,20.5
南種子,2024/5/20,20.5
南種子,2024/5/21,20.6
南種子,2024/5/22,20.7
南種子,2024/5/23,20.7
南種子,2024/5/24,20.8
南種子,2024/5/25,20.9
南種子,2024/5/26,20.9
南種子,2024/5/27,21
南種子,2024/5/28,21.1
南種子,2024/5/29,21.1
南種子,2024/5/30,21.2
南種子,2024/5/31,21.3
南種子,2024/6/1,21.4
南種子,2024/6/2,21.4
南種子,2024/6/3,21.5
南種子,2024/6/4,21.6
南種子,2024/6/5,21.7
南種子,2024/6/6,21.8
南種子,2024/6/7,21.9
南種子,2024/6/8,22
南種子,2024/6/9,22.1
南種子,2024/6/10,22.2
南種子,2024/6/11,22.4
南種子,2024/6/12,22.5
南種子,2024/6/13,22.6
南種子,2024/6/14,22.7
南種子,2024/6/15,22.9
南種子,2024/6/16,23
南種子,2024/6/17,23.2
南種子,2024/6/18,23.3
南種子,2024/6/19,23.5
南種子,2024/6/20,23.6
南種子,2024/6/21,23.8
南種子,2024/6/22,23.9
南種子,2024/6/23,24.1
南種子,2024/6/24,24.3
南種子,2024/6/25,24.4
南種子,2024/6/26,24.6
南種子,2024/6/27,24.8
南種子,2024/6/28,24.9
南種子,2024/6/29,25.1
南種子,2024/6/30,25.2
南種子,2024/7/1,25.3
南種子,2024/7/2,25.5
南種子,2024/7/3,25.6
南種子,2024/7/4,25.7
南種子,2024/7/5,25.8
南種子,2024/7/6,25.9
南種子,2024/7/7,26
南種子,2024/7/8,26.1
南種子,2024/7/9,26.2
南種子,2024/7/10,26.2
南種子,2024/7/11,26.3
南種子,2024/7/12,26.4
南種子,2024/7/13,26.4
南種子,2024/7/14,26.5
南種子,2024/7/15,26.6
南種子,2024/7/16,26.6
南種子,2024/7/17,26.6
南種子,2024/7/18,26.7
南種子,2024/7/19,26.7
南種子,2024/7/20,26.8
南種子,2024/7/21,26.8
南種子,2024/7/22,26.8
南種子,2024/7/23,26.8
南種子,2024/7/24,26.9
南種子,2024/7/25,26.9
南種子,2024/7/26,26.9
南種子,2024/7/27,26.9
南種子,2024/7/28,26.9
南種子,2024/7/29,26.9
南種子,2024/7/30,26.9
南種子,2024/7/31,26.9
南種子,2024/8/1,26.9
南種子,2024/8/2,27
南種子,2024/8/3,27
南種子,2024/8/4,27
南種子,2024/8/5,27
南種子,2024/8/6,27
南種子,2024/8/7,27
南種子,2024/8/8,27
南種子,2024/8/9,27
南種子,2024/8/10,27
南種子,2024/8/11,27.1
南種子,2024/8/12,27.1
南種子,2024/8/13,27.1
南種子,2024/8/14,27.1
南種子,2024/8/15,27
南種子,2024/8/16,27
南種子,2024/8/17,27
南種子,2024/8/18,27
南種子,2024/8/19,27
南種子,2024/8/20,26.9
南種子,2024/8/21,26.9
南種子,2024/8/22,26.9
南種子,2024/8/23,26.8
南種子,2024/8/24,26.8
南種子,2024/8/25,26.7
南種子,2024/8/26,26.7
南種子,2024/8/27,26.6
南種子,2024/8/28,26.6
南種子,2024/8/29,26.5
南種子,2024/8/30,26.4
南種子,2024/8/31,26.4
南種子,2024/9/1,26.3
南種子,2024/9/2,26.2
南種子,2024/9/3,26.2
南種子,2024/9/4,26.1
南種子,2024/9/5,26
南種子,2024/9/6,26
南種子,2024/9/7,25.9
南種子,2024/9/8,25.8
南種子,2024/9/9,25.7
南種子,2024/9/10,25.7
南種子,2024/9/11,25.6
南種子,2024/9/12,25.5
南種子,2024/9/13,25.4
南種子,2024/9/14,25.2
南種子,2024/9/15,25.1
南種子,2024/9/16,25
南種子,2024/9/17,24.8
南種子,2024/9/18,24.7
南種子,2024/9/19,24.6
南種子,2024/9/20,24.4
南種子,2024/9/21,24.3
南種子,2024/9/22,24.2
南種子,2024/9/23,24.1
南種子,2024/9/24,23.9
南種子,2024/9/25,23.8
南種子,2024/9/26,23.7
南種子,2024/9/27,23.6
南種子,2024/9/28,23.5
南種子,2024/9/29,23.4
南種子,2024/9/30,23.3
南種子,2024/10/1,23.2
南種子,2024/10/2,23.1
南種子,2024/10/3,23
南種子,2024/10/4,22.9
南種子,2024/10/5,22.8
南種子,2024/10/6,22.6
南種子,2024/10/7,22.5
南種子,2024/10/8,22.4
南種子,2024/10/9,22.3
南種子,2024/10/10,22.1
南種子,2024/10/11,22
南種子,2024/10/12,21.9
南種子,2024/10/13,21.7
南種子,2024/10/14,21.6
南種子,2024/10/15,21.5
南種子,2024/10/16,21.3
南種子,2024/10/17,21.2
南種子,2024/10/18,21
南種子,2024/10/19,20.9
南種子,2024/10/20,20.7
南種子,2024/10/21,20.6
南種子,2024/10/22,20.5
南種子,2024/10/23,20.3
南種子,2024/10/24,20.2
南種子,2024/10/25,20
南種子,2024/10/26,19.9
南種子,2024/10/27,19.7
南種子,2024/10/28,19.6
南種子,2024/10/29,19.5
南種子,2024/10/30,19.3
南種子,2024/10/31,19.2
南種子,2024/11/1,19.1
南種子,2024/11/2,19
南種子,2024/11/3,18.9
南種子,2024/11/4,18.9
南種子,2024/11/5,18.8
南種子,2024/11/6,18.7
南種子,2024/11/7,18.6
南種子,2024/11/8,18.5
南種子,2024/11/9,18.3
南種子,2024/11/10,18.2
南種子,2024/11/11,18
南種子,2024/11/12,17.8
南種子,2024/11/13,17.6
南種子,2024/11/14,17.5
南種子,2024/11/15,17.3
南種子,2024/11/16,17.1
南種子,2024/11/17,16.9
南種子,2024/11/18,16.7
南種子,2024/11/19,16.5
南種子,2024/11/20,16.4
南種子,2024/11/21,16.3
南種子,2024/11/22,16.2
南種子,2024/11/23,16
南種子,2024/11/24,15.9
南種子,2024/11/25,15.8
南種子,2024/11/26,15.7
南種子,2024/11/27,15.6
南種子,2024/11/28,15.5
南種子,2024/11/29,15.3
南種子,2024/11/30,15.2
南種子,2024/12/1,15
南種子,2024/12/2,14.8
南種子,2024/12/3,14.6
南種子,2024/12/4,14.4
南種子,2024/12/5,14.2
南種子,2024/12/6,14
南種子,2024/12/7,13.9
南種子,2024/12/8,13.7
南種子,2024/12/9,13.5
南種子,2024/12/10,13.3
南種子,2024/12/11,13.2
南種子,2024/12/12,13.1
南種子,2024/12/13,12.9
南種子,2024/12/14,12.8
南種子,2024/12/15,12.7
南種子,2024/12/16,12.6
南種子,2024/12/17,12.5
南種子,2024/12/18,12.5
南種子,2024/12/19,12.4
南種子,2024/12/20,12.3
南種子,2024/12/21,12.3
南種子,2024/12/22,12.2
南種子,2024/12/23,12.1
南種子,2024/12/24,12.1
南種子,2024/12/25,12
南種子,2024/12/26,11.9
南種子,2024/12/27,11.8
南種子,2024/12/28,11.7
南種子,2024/12/29,11.6
南種子,2024/12/30,11.5
南種子,2024/12/31,11.5
